{"mean_reward": 280.8177559, "std_reward": 15.041655239559867, "is_deterministic": true, "n_eval_episodes": 10, "eval_datetime": "2023-09-15T15:47:56.006682"}